{
 "K": [
  [
   3280.3156851115473,
   0.0,
   2025.92391190609
  ],
  [
   0.0,
   3282.5789639381073,
   1522.5525054311613
  ],
  [
   0.0,
   0.0,
   1.0
  ]
 ],
 "distortion": [
  [
   0.2791892770904703,
   -1.6875172866957842,
   0.0018638305685791513,
   -0.0009526259648473455,
   2.985203745061474
  ]
 ]
}